benchmark,reward,walltime,commandline
benchmark://cbench-v1/adpcm,1.0053798882681567,0.7163,opt -loop-distribute -strip-dead-prototypes -loop-unroll-and-jam -loop-distribute -constprop -called-value-propagation -infer-address-spaces -ee-instrument -hotcoldsplit -correlated-propagation -loop-unroll-and-jam -loop-distribute -loop-predication -sroa -infer-address-spaces -die -coro-elide -sancov -partially-inline-libcalls -memcpyopt -coro-early -mergeicmps -ipsccp -loop-predication -called-value-propagation -lowerinvoke -dse -globalsplit -irce -mergereturn -sroa -aggressive-instcombine -rewrite-statepoints-for-gc -coro-split -sancov -inline -instsimplify -sancov -infer-address-spaces -float2int -inject-tli-mappings -mldst-motion -speculative-execution -loop-unroll-and-jam -slsr -loop-unswitch -loweratomic -simplifycfg -dce -instcombine -barrier -div-rem-pairs -early-cse-memssa -loop-guard-widening -strip-nondebug -mergereturn -break-crit-edges -jump-threading -sroa -loweratomic -tailcallelim -nary-reassociate -div-rem-pairs -adce -instcombine -mergefunc -coro-cleanup -globaldce -instcombine -loop-versioning -gvn-hoist -lower-matrix-intrinsics -libcalls-shrinkwrap -globaldce -inline -loop-vectorize -jump-threading -guard-widening -mergeicmps -always-inline -inject-tli-mappings -separate-const-offset-from-gep -instnamer -mergeicmps -memcpyopt -mem2reg -sroa -separate-const-offset-from-gep -div-rem-pairs -lower-matrix-intrinsics -canonicalize-aliases -sancov -constmerge -loop-predication -cross-dso-cfi -simplifycfg -consthoist -barrier -bdce -reassociate -redundant-dbg-inst-elim -strip -instsimplify
benchmark://cbench-v1/bitcount,1.0124867256637168,0.9262,opt -functionattrs -globaldce -constmerge -argpromotion -sink -ipconstprop -reassociate -gvn-hoist -loop-reduce -loop-fusion -loop-simplifycfg -loop-unroll -mem2reg -indvars -name-anon-globals -early-cse-memssa -globaldce -dse -aggressive-instcombine -lower-constant-intrinsics -argpromotion -called-value-propagation -simplifycfg -loop-unroll-and-jam -rewrite-statepoints-for-gc -simple-loop-unswitch -early-cse-memssa -sroa -reg2mem -loop-simplifycfg -gvn-hoist -coro-early -memcpyopt -reassociate -sccp -tailcallelim -forceattrs -callsite-splitting -early-cse-memssa -loop-unroll -mem2reg -scalarizer -instcombine -pgo-memop-opt -lower-expect -aggressive-instcombine -mergeicmps -nary-reassociate -globaldce -callsite-splitting -coro-cleanup -globalsplit -simplifycfg -strip-nondebug -strip-dead-prototypes -inject-tli-mappings -strip -post-inline-ee-instrument -coro-elide -tailcallelim -libcalls-shrinkwrap -consthoist -rpo-functionattrs -redundant-dbg-inst-elim -sccp -libcalls-shrinkwrap -loop-versioning -elim-avail-extern
benchmark://cbench-v1/blowfish,1.0380407124681934,0.7089,opt -simplifycfg -globalopt -constmerge -consthoist -globalopt -loop-reroll -sroa -coro-early -rpo-functionattrs -mergereturn -lcssa -loop-simplifycfg -mergeicmps -slsr -add-discriminators -flattencfg -instnamer -strip-dead-prototypes -libcalls-shrinkwrap -callsite-splitting -libcalls-shrinkwrap -loop-vectorize -pgo-memop-opt -correlated-propagation -lower-guard-intrinsic -globalopt -hotcoldsplit -loop-fusion -barrier -newgvn -loop-unroll -guard-widening -nary-reassociate -lower-widenable-condition -inferattrs -insert-gcov-profiling -bdce -coro-early -strip -sccp -elim-avail-extern -loop-fusion -strip -name-anon-globals -attributor -hotcoldsplit -lowerinvoke -correlated-propagation -licm -loop-fusion -alignment-from-assumptions -strip-dead-prototypes -loop-vectorize -strip-nondebug -strip-dead-prototypes -float2int -jump-threading -reassociate -redundant-dbg-inst-elim -coro-elide -coro-early -die -instcombine -libcalls-shrinkwrap -slsr -coro-elide -loop-versioning-licm -sancov -forceattrs -gvn-hoist -irce -loop-deletion -hotcoldsplit -div-rem-pairs -strip-debug-declare -break-crit-edges -correlated-propagation -strip -loop-instsimplify -simplifycfg -lower-widenable-condition -prune-eh -newgvn -instnamer -argpromotion -loop-distribute -loop-instsimplify -loweratomic -loop-versioning -slp-vectorizer -called-value-propagation -sancov -mergefunc -globalopt -loop-data-prefetch -coro-elide -strip-nondebug -indvars -scalarizer -loop-guard-widening -adce -float2int -coro-elide -loop-unroll-and-jam -coro-cleanup -canonicalize-aliases
benchmark://cbench-v1/bzip2,1.129654741446649,0.7176,opt -separate-const-offset-from-gep -barrier -lower-constant-intrinsics -loop-interchange -partially-inline-libcalls -bdce -constmerge -lcssa -loop-sink -globalopt -loop-simplifycfg -loop-deletion -loop-sink -lower-matrix-intrinsics -loop-fusion -strip-nondebug -loop-data-prefetch -licm -constmerge -globalopt -bdce -alignment-from-assumptions -sccp -forceattrs -functionattrs -loop-simplify -sroa -globalsplit -licm -newgvn -lowerinvoke -loop-reroll -ipsccp -globalsplit -speculative-execution -loweratomic -break-crit-edges -adce -loop-load-elim -tailcallelim -barrier -loop-vectorize -loop-guard-widening -callsite-splitting -gvn-hoist -simple-loop-unswitch -consthoist -simplifycfg -insert-gcov-profiling -nary-reassociate -flattencfg -prune-eh -constmerge -guard-widening -constmerge -memcpyopt -memcpyopt -globaldce -instcombine
benchmark://cbench-v1/crc32,0.9932424324324,0.7171,opt -loop-sink -jump-threading -prune-eh -loop-instsimplify -reg2mem -nary-reassociate -break-crit-edges -lower-constant-intrinsics -loop-fusion -consthoist -infer-address-spaces -loop-guard-widening -scalarizer -callsite-splitting -lower-constant-intrinsics -alignment-from-assumptions -load-store-vectorizer -coro-cleanup -correlated-propagation -consthoist -insert-gcov-profiling -inject-tli-mappings -adce -loweratomic -loop-data-prefetch -mergeicmps -constprop -callsite-splitting -deadargelim -float2int -coro-cleanup -loop-interchange -functionattrs -float2int -loop-reroll -loop-versioning -indvars -redundant-dbg-inst-elim -separate-const-offset-from-gep -early-cse-memssa -libcalls-shrinkwrap -inferattrs -rewrite-statepoints-for-gc -reassociate -bdce -loop-versioning-licm -nary-reassociate -break-crit-edges -lower-widenable-condition -loop-unswitch -gvn-hoist -memcpyopt -scalarizer -loop-data-prefetch -sccp -alignment-from-assumptions -newgvn -lowerinvoke -die -lower-widenable-condition -irce -mergeicmps -coro-cleanup -alignment-from-assumptions -break-crit-edges -instcombine -mem2reg -called-value-propagation -reassociate -mergefunc -constmerge -loop-versioning-licm -indvars -gvn -insert-gcov-profiling -barrier -globalopt -simplifycfg
benchmark://cbench-v1/dijkstra,0.9848979591836737,0.529,opt -loop-deletion -mem2reg -load-store-vectorizer -loop-unroll -loop-distribute -loop-fusion -loop-reroll -callsite-splitting -flattencfg -prune-eh -loop-load-elim -flattencfg -newgvn -loop-idiom -inferattrs -licm -sink -loop-vectorize -post-inline-ee-instrument -flattencfg -add-discriminators -bdce -lower-constant-intrinsics -loop-reduce -post-inline-ee-instrument -sancov -lower-widenable-condition -slsr -div-rem-pairs -lowerswitch -dce -indvars -loop-simplifycfg -lower-guard-intrinsic -inferattrs -name-anon-globals -jump-threading -lowerinvoke -loop-simplify -loop-simplify -inject-tli-mappings -callsite-splitting -loop-unroll -dce -simple-loop-unswitch -div-rem-pairs -always-inline -coro-split -loop-load-elim -gvn-hoist -redundant-dbg-inst-elim -loop-deletion -loop-instsimplify -mergefunc -slp-vectorizer -coro-early -loop-simplifycfg -early-cse-memssa -barrier -name-anon-globals -mem2reg -adce -loop-vectorize -redundant-dbg-inst-elim -reassociate -inferattrs -called-value-propagation -coro-elide -loop-simplify -loop-guard-widening -strip-nondebug -constprop -prune-eh -dse -ipsccp -sroa -lower-constant-intrinsics -memcpyopt -insert-gcov-profiling -aggressive-instcombine -rewrite-statepoints-for-gc -simplifycfg -loop-distribute -loop-vectorize -adce -ipconstprop -slp-vectorizer -rpo-functionattrs -inferattrs -loop-sink -instcombine -slp-vectorizer -strip-dead-prototypes -loop-distribute -memcpyopt -consthoist -name-anon-globals -libcalls-shrinkwrap -speculative-execution -simplifycfg
benchmark://cbench-v1/ghostscript,1.0069287793620125,0.6813,opt -loop-versioning-licm -load-store-vectorizer -canonicalize-aliases -loop-simplify -loop-versioning-licm -ee-instrument -mldst-motion -loop-deletion -strip-dead-prototypes -loop-predication -scalarizer -reg2mem -bdce -mldst-motion -sccp -loop-guard-widening -ee-instrument -gvn-hoist -partially-inline-libcalls -name-anon-globals -scalarizer -mem2reg -insert-gcov-profiling -early-cse-memssa -loop-instsimplify -dce -gvn -coro-split -separate-const-offset-from-gep -coro-split -loop-unroll -loop-guard-widening -mldst-motion -break-crit-edges -loop-guard-widening -mergefunc -load-store-vectorizer -loop-deletion -sccp -sancov -gvn -strip-dead-prototypes -memcpyopt -loop-distribute -coro-early -aggressive-instcombine -loop-reroll -inferattrs -add-discriminators -callsite-splitting -inject-tli-mappings -coro-elide -loop-reroll -globalsplit -hotcoldsplit -pgo-memop-opt -mergefunc -irce -insert-gcov-profiling -constmerge -strip -simple-loop-unswitch -instnamer -globaldce -forceattrs -constprop -loop-predication -loop-load-elim -speculative-execution -loop-simplifycfg -instcombine -instsimplify -ipsccp -mergeicmps -called-value-propagation -ipconstprop -loop-vectorize -constmerge -dse -constmerge -strip-nondebug -licm -loop-unroll-and-jam -canonicalize-aliases -inferattrs -mldst-motion -functionattrs -separate-const-offset-from-gep -mergeicmps -loop-reroll -slsr -tailcallelim -load-store-vectorizer -lower-widenable-condition -simple-loop-unswitch -post-inline-ee-instrument -alignment-from-assumptions -ipsccp -always-inline -loop-simplifycfg -lower-widenable-condition 
benchmark://cbench-v1/gsm,1.096621513944223,0.9181,opt -mem2reg -strip -loop-fusion -loop-reduce -loop-instsimplify -loop-versioning-licm -canonicalize-aliases -scalarizer -lower-expect -constprop -div-rem-pairs -instcombine -mergefunc -loop-unswitch -inferattrs -lowerinvoke -loweratomic -loop-versioning-licm -rewrite-statepoints-for-gc -add-discriminators -loop-deletion -strip-dead-prototypes -insert-gcov-profiling -newgvn -partially-inline-libcalls -nary-reassociate -loop-predication -lowerinvoke -irce -reassociate -argpromotion -lowerswitch -sroa -attributor -die -strip -called-value-propagation -strip-dead-prototypes -loop-guard-widening -dse -load-store-vectorizer -loop-reduce -pgo-memop-opt -loop-simplify -argpromotion -constmerge -float2int -alignment-from-assumptions -nary-reassociate -prune-eh -separate-const-offset-from-gep -bdce -separate-const-offset-from-gep -slp-vectorizer -mldst-motion -elim-avail-extern -ipconstprop -die -lower-widenable-condition -early-cse-memssa -lowerswitch -ipsccp -bdce -mergereturn -guard-widening -pgo-memop-opt -called-value-propagation -mergefunc -dse -instsimplify -sroa -correlated-propagation -instcombine -lowerinvoke -simple-loop-unswitch -libcalls-shrinkwrap -loop-sink -strip-nondebug -gvn-hoist -lowerswitch -instsimplify -flattencfg -mergeicmps -float2int -constprop -reassociate -gvn -infer-address-spaces -newgvn -loop-load-elim -dse -flattencfg -nary-reassociate -cross-dso-cfi -simplifycfg -load-store-vectorizer -deadargelim -loop-versioning -loop-deletion -dce -deadargelim -forceattrs -loop-data-prefetch -loop-instsimplify -forceattrs -loop-versioning -constmerge -insert-gcov-profiling -cross-dso-cfi -jum
benchmark://cbench-v1/ispell,1.0204081632653061,0.6589,opt -deadargelim -name-anon-globals -gvn-hoist -mem2reg -bdce -alignment-from-assumptions -prune-eh -redundant-dbg-inst-elim -dce -attributor -jump-threading -elim-avail-extern -die -ipconstprop -early-cse-memssa -guard-widening -scalarizer -lower-expect -instnamer -redundant-dbg-inst-elim -loop-reroll -pgo-memop-opt -div-rem-pairs -libcalls-shrinkwrap -adce -loop-simplifycfg -loop-instsimplify -libcalls-shrinkwrap -float2int -loop-reroll -globaldce -lcssa -ipconstprop -loop-simplify -attributor -loop-instsimplify -licm -barrier -dse -loop-instsimplify -libcalls-shrinkwrap -instcombine -partially-inline-libcalls -always-inline -loop-unroll-and-jam -globalsplit -loop-unroll -functionattrs -mem2reg -inject-tli-mappings -add-discriminators -licm -loop-fusion -globalopt -simplifycfg -newgvn -inferattrs -rewrite-statepoints-for-gc -die -mergereturn -loop-predication -strip -simplifycfg -gvn -inject-tli-mappings -loop-sink -loop-unroll-and-jam -loop-reroll -redundant-dbg-inst-elim -loop-idiom -inject-tli-mappings -post-inline-ee-instrument -called-value-propagation -loop-guard-widening -slsr -coro-split -simplifycfg -instcombine
benchmark://cbench-v1/jpeg-c,1.0093562327556811,0.9936,opt -lower-guard-intrinsic -ipsccp -float2int -lower-constant-intrinsics -early-cse-memssa -mem2reg -loop-idiom -separate-const-offset-from-gep -lower-guard-intrinsic -loop-instsimplify -post-inline-ee-instrument -break-crit-edges -hotcoldsplit -cross-dso-cfi -post-inline-ee-instrument -die -strip-dead-prototypes -loop-deletion -post-inline-ee-instrument -early-cse-memssa -add-discriminators -loop-idiom -redundant-dbg-inst-elim -flattencfg -always-inline -strip-dead-prototypes -consthoist -lower-expect -correlated-propagation -inferattrs -coro-elide -flattencfg -rpo-functionattrs -strip-debug-declare -functionattrs -slp-vectorizer -rpo-functionattrs -guard-widening -mem2reg -forceattrs -loop-instsimplify -licm -called-value-propagation -mergereturn -strip-debug-declare -flattencfg -sink -separate-const-offset-from-gep -memcpyopt -lower-guard-intrinsic -instcombine -functionattrs -elim-avail-extern -always-inline -newgvn -mergefunc -early-cse-memssa -consthoist -sancov -redundant-dbg-inst-elim -loop-sink -loop-reroll -scalarizer -attributor -loop-interchange -sancov -loop-fusion -bdce -loop-vectorize -loweratomic -div-rem-pairs -partially-inline-libcalls -slsr -coro-cleanup -separate-const-offset-from-gep -dse -loop-unroll-and-jam -loweratomic -deadargelim -globalsplit -loop-versioning -constmerge -ipconstprop -loop-vectorize -infer-address-spaces -early-cse-memssa -ee-instrument -attributor -deadargelim -coro-split -rpo-functionattrs -name-anon-globals -loop-reroll -always-inline -mergereturn -rewrite-statepoints-for-gc -loop-versioning -load-store-vectorizer -canonicalize-aliases -coro-split -constmerge 
benchmark://cbench-v1/jpeg-d,1.050020605943527,0.5789,opt -gvn-hoist -loop-versioning -forceattrs -loop-interchange -alignment-from-assumptions -redundant-dbg-inst-elim -lower-constant-intrinsics -loop-fusion -rewrite-statepoints-for-gc -simplifycfg -globalopt -coro-elide -inject-tli-mappings -load-store-vectorizer -rpo-functionattrs -hotcoldsplit -jump-threading -early-cse-memssa -cross-dso-cfi -break-crit-edges -globalsplit -loop-distribute -alignment-from-assumptions -reg2mem -sccp -prune-eh -deadargelim -strip-nondebug -guard-widening -separate-const-offset-from-gep -reg2mem -called-value-propagation -bdce -loop-vectorize -dse -sroa -elim-avail-extern -globalopt -loweratomic -aggressive-instcombine -break-crit-edges -canonicalize-aliases -early-cse-memssa -lower-matrix-intrinsics -forceattrs -insert-gcov-profiling -insert-gcov-profiling -pgo-memop-opt -strip -div-rem-pairs -jump-threading -strip-nondebug -loop-load-elim -strip-debug-declare -lower-matrix-intrinsics -nary-reassociate -inferattrs -coro-early -infer-address-spaces -canonicalize-aliases -indvars -pgo-memop-opt -loop-sink -post-inline-ee-instrument -inferattrs -bdce -loop-simplify -licm -tailcallelim -licm -inferattrs -instcombine -loop-interchange -rewrite-statepoints-for-gc -licm -simplifycfg -loop-predication -libcalls-shrinkwrap -flattencfg -ee-instrument -loop-instsimplify -elim-avail-extern -globalopt -newgvn -div-rem-pairs -strip -globalopt -ee-instrument -ipconstprop -add-discriminators -div-rem-pairs -cross-dso-cfi -coro-early -canonicalize-aliases -loop-load-elim -instcombine -scalarizer -flattencfg -sroa -loop-reroll -constprop -always-inline -guard-widening -instsimplify -separate-const-offset-from-gep 
benchmark://cbench-v1/lame,1.0595930312001823,0.9839,opt -inferattrs -simple-loop-unswitch -flattencfg -alignment-from-assumptions -callsite-splitting -sccp -dce -coro-elide -libcalls-shrinkwrap -rewrite-statepoints-for-gc -globalsplit -mergereturn -load-store-vectorizer -loop-simplifycfg -rewrite-statepoints-for-gc -loop-interchange -pgo-memop-opt -early-cse-memssa -lowerinvoke -loop-simplifycfg -called-value-propagation -coro-early -bdce -inject-tli-mappings -barrier -guard-widening -mergefunc -slsr -irce -newgvn -consthoist -mem2reg -loop-vectorize -reassociate -float2int -dse -lower-matrix-intrinsics -tailcallelim -slsr -instcombine -float2int -loweratomic -alignment-from-assumptions -nary-reassociate -indvars -rewrite-statepoints-for-gc -coro-early -loop-interchange -always-inline -memcpyopt -loop-predication -globalsplit -slsr -instnamer -bdce -jump-threading -scalarizer -mergefunc -callsite-splitting -reassociate -newgvn -strip -barrier -deadargelim -loop-load-elim -reg2mem -die -gvn-hoist -sroa -loop-interchange -alignment-from-assumptions -forceattrs -mldst-motion -constmerge -newgvn -alignment-from-assumptions -strip-nondebug -simplifycfg
benchmark://cbench-v1/patricia,1.0037864293659622,0.5425,opt -indvars -loop-versioning -separate-const-offset-from-gep -rewrite-statepoints-for-gc -inject-tli-mappings -aggressive-instcombine -coro-early -licm -lower-expect -add-discriminators -slp-vectorizer -gvn -prune-eh -loop-unroll -libcalls-shrinkwrap -globalopt -newgvn -loop-distribute -dse -coro-elide -globalsplit -callsite-splitting -ipsccp -lowerswitch -lowerinvoke -aggressive-instcombine -name-anon-globals -speculative-execution -loop-vectorize -lcssa -memcpyopt -sancov -reassociate -lowerswitch -sink -canonicalize-aliases -loop-versioning-licm -lower-expect -sroa -sancov -libcalls-shrinkwrap -reassociate -memcpyopt -lcssa -speculative-execution -rpo-functionattrs -loop-instsimplify -div-rem-pairs -lower-constant-intrinsics -cross-dso-cfi -coro-cleanup -indvars -memcpyopt -loop-sink -bdce -loop-load-elim -loop-predication -loop-interchange -loop-deletion -indvars -simplifycfg -tailcallelim -forceattrs -loop-simplifycfg -infer-address-spaces -loop-idiom -globaldce -newgvn -barrier -sink -bdce -canonicalize-aliases -pgo-memop-opt -div-rem-pairs -mldst-motion -coro-split -slsr -redundant-dbg-inst-elim -inject-tli-mappings -loop-unroll -deadargelim -scalarizer -callsite-splitting -loop-predication -early-cse-memssa -loop-vectorize -tailcallelim -called-value-propagation -bdce -coro-split -instcombine -simple-loop-unswitch -globaldce -infer-address-spaces -slp-vectorizer -dce -ipconstprop -infer-address-spaces -functionattrs -gvn-hoist -mergeicmps -lower-constant-intrinsics -early-cse-memssa -mldst-motion 
benchmark://cbench-v1/qsort,1.1994148606811146,0.5479,opt -memcpyopt -licm -sink -simple-loop-unswitch -reg2mem -die -loop-simplify -canonicalize-aliases -licm -die -loop-versioning-licm -slp-vectorizer -loop-load-elim -instnamer -inject-tli-mappings -lower-constant-intrinsics -called-value-propagation -irce -lowerswitch -slsr -irce -post-inline-ee-instrument -barrier -sink -loop-reroll -newgvn -inline -mldst-motion -coro-elide -ipsccp -loop-unswitch -constprop -lower-constant-intrinsics -bdce -rewrite-statepoints-for-gc -coro-elide -mem2reg -alignment-from-assumptions -coro-early -forceattrs -loop-fusion -coro-elide -inject-tli-mappings -loop-sink -adce -bdce -inject-tli-mappings -div-rem-pairs -loweratomic -break-crit-edges -argpromotion -instcombine -sancov -consthoist -bdce -coro-elide -memcpyopt -sink -loop-unroll-and-jam -loweratomic -lowerswitch -ipconstprop -lower-guard-intrinsic -post-inline-ee-instrument -early-cse-memssa -gvn-hoist -early-cse-memssa -simplifycfg -tailcallelim -die -mldst-motion -called-value-propagation -mergereturn -inject-tli-mappings -argpromotion -pgo-memop-opt -deadargelim -loop-unroll -pgo-memop-opt -lcssa -dse -nary-reassociate -globalsplit -mldst-motion -simplifycfg -functionattrs -gvn-hoist -newgvn
benchmark://cbench-v1/rijndael,1.1043208125718668,0.6182,opt -sroa -jump-threading -loop-reroll -indvars -newgvn -rewrite-statepoints-for-gc -instcombine -strip-dead-prototypes -mem2reg -libcalls-shrinkwrap -alignment-from-assumptions -inferattrs -instcombine -scalarizer -newgvn -argpromotion -coro-cleanup -simplifycfg -ee-instrument -lower-constant-intrinsics -strip-nondebug -rewrite-statepoints-for-gc -insert-gcov-profiling -instcombine
benchmark://cbench-v1/sha,1.515117056856187,0.6529,opt -mergeicmps -loop-versioning-licm -loop-idiom -loop-fusion -barrier -newgvn -sink -separate-const-offset-from-gep -jump-threading -globalsplit -instcombine -rewrite-statepoints-for-gc -inject-tli-mappings -mldst-motion -ipconstprop -elim-avail-extern -sccp -guard-widening -mldst-motion -libcalls-shrinkwrap -strip-nondebug -speculative-execution -coro-elide -loop-predication -ipsccp -reassociate -loop-reroll -slsr -reassociate -early-cse-memssa -canonicalize-aliases -coro-cleanup -early-cse-memssa -partial-inliner -loop-reroll -cross-dso-cfi -loweratomic -dce -add-discriminators -instsimplify -strip-nondebug -rpo-functionattrs -redundant-dbg-inst-elim -globalopt -redundant-dbg-inst-elim -loweratomic -loop-deletion -infer-address-spaces -strip-dead-prototypes -coro-early -sancov -strip-dead-prototypes -irce -loop-versioning -canonicalize-aliases -globalsplit -loop-deletion -globalsplit -instnamer -load-store-vectorizer -mldst-motion -pgo-memop-opt -newgvn -loop-sink -redundant-dbg-inst-elim -infer-address-spaces -loop-unroll-and-jam -prune-eh -coro-split -lower-widenable-condition -bdce -mergereturn -consthoist -inferattrs -inject-tli-mappings -ipsccp -sink -indvars -loop-unroll-and-jam -reassociate -argpromotion -dce -strip-debug-declare -memcpyopt -consthoist -coro-early -add-discriminators -div-rem-pairs -memcpyopt -loop-rotate -instnamer -newgvn -pgo-memop-opt -loop-load-elim -adce -bdce -loop-guard-widening -cross-dso-cfi -mergereturn -ipsccp -lower-expect -barrier -loop-fusion -indvars -loop-predication -irce -loop-instsimplify 
benchmark://cbench-v1/stringsearch,1.0151256830601092,0.5268,opt -lcssa -infer-address-spaces -dse -simplifycfg -tailcallelim -lower-matrix-intrinsics -inferattrs -infer-address-spaces -lower-constant-intrinsics -sroa -loop-deletion -consthoist -globaldce -lower-expect -correlated-propagation -gvn-hoist -memcpyopt -loop-instsimplify -scalarizer -globalsplit -argpromotion -coro-split -loop-vectorize -mergefunc -loop-idiom -forceattrs -partially-inline-libcalls -loop-load-elim -instsimplify -loop-unroll -tailcallelim -globaldce -loop-deletion -lowerswitch -reassociate -functionattrs -lower-matrix-intrinsics -irce -sink -aggressive-instcombine -adce -attributor -early-cse-memssa -flattencfg -callsite-splitting -deadargelim -speculative-execution -lower-expect -hotcoldsplit -strip-dead-prototypes -loop-instsimplify -attributor -globalsplit -instsimplify -lower-matrix-intrinsics -strip -infer-address-spaces -reassociate -licm -coro-split -infer-address-spaces -lower-matrix-intrinsics -coro-early -dce -lower-widenable-condition -attributor -reassociate -pgo-memop-opt -coro-cleanup -loop-versioning-licm -aggressive-instcombine -lowerinvoke -slp-vectorizer -globaldce -lower-expect -indvars -inferattrs -loop-unroll -memcpyopt -inferattrs -elim-avail-extern -rewrite-statepoints-for-gc -name-anon-globals -constprop -constmerge -break-crit-edges -newgvn -globalopt -add-discriminators -reassociate -slsr -licm -newgvn -separate-const-offset-from-gep -loop-data-prefetch -mergefunc -float2int -lower-matrix-intrinsics -memcpyopt -prune-eh -strip-nondebug -mldst-motion -loop-simplify -aggressive-instcombine 
benchmark://cbench-v1/stringsearch2,1.001731343283582,0.7682,opt -instcombine -scalarizer -loop-instsimplify -strip-debug-declare -pgo-memop-opt -separate-const-offset-from-gep -forceattrs -mergefunc -scalarizer -newgvn -post-inline-ee-instrument -forceattrs -die -newgvn -guard-widening -loop-distribute -libcalls-shrinkwrap -functionattrs -loop-rotate -ee-instrument -forceattrs -ipconstprop -sccp -aggressive-instcombine -loop-data-prefetch -ee-instrument -sroa -scalarizer -loop-instsimplify -called-value-propagation -partial-inliner -mergefunc -add-discriminators -cross-dso-cfi -sccp -nary-reassociate -loop-rotate -div-rem-pairs -loop-unswitch -libcalls-shrinkwrap -elim-avail-extern -newgvn -indvars -lower-constant-intrinsics -globaldce -indvars -loop-rotate -gvn -functionattrs -licm -loop-instsimplify -loop-unswitch -bdce -lower-widenable-condition -attributor -mldst-motion -slsr -instcombine -deadargelim -nary-reassociate -ee-instrument -die -elim-avail-extern -insert-gcov-profiling -add-discriminators -lower-guard-intrinsic -loop-fusion -slp-vectorizer -name-anon-globals -loop-unroll -jump-threading -loop-distribute -infer-address-spaces -dse -div-rem-pairs -constmerge -forceattrs -consthoist -lower-matrix-intrinsics -gvn-hoist -pgo-memop-opt -globalopt -always-inline -dce -lower-matrix-intrinsics -ee-instrument -strip-debug-declare -strip-dead-prototypes -canonicalize-aliases -die -mem2reg -indvars -separate-const-offset-from-gep -partial-inliner -globaldce -always-inline -tailcallelim -simplifycfg -gvn-hoist -constprop -sink -ipconstprop -ipsccp -instcombine
benchmark://cbench-v1/susan,0.9947509239825954,0.5634,opt -break-crit-edges -lowerinvoke -reg2mem -bdce -loop-predication -newgvn -constprop -loop-interchange -load-store-vectorizer -globalopt -inferattrs -deadargelim -loop-versioning -inline -aggressive-instcombine -gvn -instcombine -strip-nondebug -loop-sink -partially-inline-libcalls -mergefunc -forceattrs -mldst-motion -irce -speculative-execution -strip-debug-declare -bdce -loop-unroll-and-jam -simple-loop-unswitch -inject-tli-mappings -slsr -loop-distribute -lower-guard-intrinsic -lower-widenable-condition -loop-reroll -coro-cleanup -sccp -gvn-hoist -functionattrs -adce -adce -inferattrs -instcombine -strip-debug-declare -scalarizer -sccp -newgvn -mergeicmps -mergeicmps -consthoist -dce -name-anon-globals -gvn -separate-const-offset-from-gep -simplifycfg -loop-instsimplify -name-anon-globals -mem2reg -redundant-dbg-inst-elim -rewrite-statepoints-for-gc -coro-elide -coro-cleanup -consthoist -early-cse-memssa -loop-idiom -constprop -adce -guard-widening -lower-guard-intrinsic -globaldce -gvn -globalsplit -float2int -mergeicmps -coro-elide -loop-guard-widening -functionattrs -constprop -slp-vectorizer -simple-loop-unswitch -loop-sink -mldst-motion -loop-predication -instcombine -callsite-splitting -loop-data-prefetch -sccp -alignment-from-assumptions -cross-dso-cfi -instnamer -inferattrs -mldst-motion -guard-widening -loop-simplify -loop-data-prefetch -die -constprop -strip -sccp -slsr -newgvn -sroa -loop-simplifycfg -loop-instsimplify -elim-avail-extern -mergefunc -loop-interchange -div-rem-pairs -loop-interchange -mergereturn -lower-guard-intrinsic -libcalls-shrinkwrap 
benchmark://cbench-v1/tiff2bw,1.04062333185286009,0.6093,opt -scalarizer -constmerge -die -loop-unswitch -lcssa -dce -libcalls-shrinkwrap -reassociate -simplifycfg -barrier -coro-cleanup -sink -rpo-functionattrs -loop-data-prefetch -lower-guard-intrinsic -sroa -div-rem-pairs -hotcoldsplit -scalarizer -loop-predication -dse -tailcallelim -licm -strip-debug-declare -jump-threading -irce -ipconstprop -loop-interchange -correlated-propagation -loop-versioning -constprop -correlated-propagation -add-discriminators -forceattrs -loop-fusion -loop-data-prefetch -correlated-propagation -lowerinvoke -always-inline -ee-instrument -loop-predication -add-discriminators -simple-loop-unswitch -forceattrs -consthoist -aggressive-instcombine -deadargelim -loop-distribute -mergeicmps -gvn -reassociate -gvn-hoist -nary-reassociate -separate-const-offset-from-gep -simplifycfg -name-anon-globals -scalarizer -instcombine -early-cse-memssa
benchmark://cbench-v1/tiff2rgba,1.0394116626454115,0.5285,opt -deadargelim -mem2reg -reg2mem -inferattrs -lowerinvoke -separate-const-offset-from-gep -strip-dead-prototypes -infer-address-spaces -nary-reassociate -loop-reroll -mldst-motion -slsr -loop-data-prefetch -loop-guard-widening -hotcoldsplit -loop-unroll -separate-const-offset-from-gep -tailcallelim -adce -strip-dead-prototypes -globalopt -barrier -mergefunc -instsimplify -loop-versioning -lcssa -simple-loop-unswitch -callsite-splitting -lcssa -mergereturn -newgvn -dce -separate-const-offset-from-gep -ipconstprop -loop-versioning -guard-widening -instnamer -coro-elide -coro-elide -alignment-from-assumptions -globalopt -newgvn -loop-unroll -mergereturn -strip-dead-prototypes -loop-simplify -partial-inliner -add-discriminators -loweratomic -mem2reg -simplifycfg -lower-widenable-condition -gvn-hoist -prune-eh -elim-avail-extern -strip-nondebug -lowerinvoke -loop-fusion -lower-guard-intrinsic -newgvn -partially-inline-libcalls -instcombine -separate-const-offset-from-gep -reassociate -lower-guard-intrinsic -div-rem-pairs -simplifycfg
benchmark://cbench-v1/tiffdither,1.0419210173010381,0.7096,opt -mem2reg -simplifycfg -strip-nondebug -add-discriminators -tailcallelim -tailcallelim -jump-threading -gvn-hoist -consthoist -strip -coro-cleanup -alignment-from-assumptions -callsite-splitting -hotcoldsplit -jump-threading -loop-data-prefetch -dce -bdce -mldst-motion -bdce -loop-guard-widening -guard-widening -nary-reassociate -barrier -loop-interchange -lower-matrix-intrinsics -loop-simplify -tailcallelim -separate-const-offset-from-gep -loweratomic -libcalls-shrinkwrap -flattencfg -rewrite-statepoints-for-gc -globalopt -inferattrs -tailcallelim -loweratomic -slp-vectorizer -name-anon-globals -gvn-hoist -sancov -loop-unroll-and-jam -add-discriminators -loop-idiom -rewrite-statepoints-for-gc -slp-vectorizer -loop-data-prefetch -loop-simplifycfg -argpromotion -loop-load-elim -constmerge -globaldce -loop-distribute -rpo-functionattrs -sancov -loop-load-elim -jump-threading -adce -lowerinvoke -cross-dso-cfi -reg2mem -strip-debug-declare -mem2reg -prune-eh -rewrite-statepoints-for-gc -constmerge -post-inline-ee-instrument -mem2reg -elim-avail-extern -mergefunc -slp-vectorizer -prune-eh -newgvn -jump-threading -loop-deletion -mldst-motion -functionattrs -coro-early -lower-constant-intrinsics -loop-simplify -speculative-execution -deadargelim -licm -coro-elide -lower-expect -memcpyopt -insert-gcov-profiling -gvn -loop-reroll -loweratomic -barrier -loop-predication -lower-matrix-intrinsics -barrier -loop-distribute -hotcoldsplit -lower-widenable-condition -ipsccp -break-crit-edges -reassociate -coro-early -dce -loop-sink -constmerge -loop-idiom -lowerinvoke -reassociate -called-value-propagation
benchmark://cbench-v1/tiffmedian,1.0382164891909427,0.6354,opt -simplifycfg -constmerge -loop-simplifycfg -loop-predication -prune-eh -attributor -reg2mem -memcpyopt -deadargelim -dce -partially-inline-libcalls -instsimplify -indvars -slsr -forceattrs -newgvn -constmerge -lower-constant-intrinsics -sccp -mem2reg -prune-eh -sancov -sccp -partially-inline-libcalls -rewrite-statepoints-for-gc -loweratomic -loop-reroll -ipconstprop -strip-dead-prototypes -functionattrs -loop-simplify -sancov -barrier -lower-widenable-condition -attributor -licm -instcombine -loop-instsimplify -mem2reg -loop-data-prefetch -newgvn -rewrite-statepoints-for-gc -aggressive-instcombine -lower-guard-intrinsic -called-value-propagation -constmerge -functionattrs -name-anon-globals -barrier -loop-instsimplify -loop-versioning-licm -newgvn -simplifycfg -slp-vectorizer -constprop -flattencfg -rpo-functionattrs -loweratomic -instsimplify -memcpyopt
geomean,1.0562757863744379,,
